campaign_id,campaign_name,campaign_type,product_category,start_date,end_date,status
1001,Cross-group global project,Website,Personal Loan,05-01-25,22-08-25,Paused
1002,Operative uniform implementation,Instagram,Personal Loan,17-09-24,22-08-25,Paused
1003,Visionary foreground database,Facebook,Personal Loan,29-04-25,22-08-25,Active
1004,Right-sized zero tolerance moratorium,Email,Insurance,20-03-25,22-08-25,Paused
1005,Switchable even-keeled matrix,SMS,Personal Loan,27-10-24,22-08-25,Active
1006,Total uniform functionalities,Branch,Credit Card,31-08-24,22-08-25,Completed
1007,Managed encompassing open system,Google Ads,Insurance,05-11-24,22-08-25,Active
1008,Function-based context-sensitive solution,Google Ads,Personal Loan,28-04-25,22-08-25,Paused
1009,Monitored systematic utilization,Google Ads,Personal Loan,14-12-24,22-08-25,Active
1010,Monitored well-modulated functionalities,Website,Home Loan,14-06-25,22-08-25,Completed
1011,Compatible secondary methodology,Mobile App,Personal Loan,20-11-24,22-08-25,Completed
1012,Reverse-engineered modular array,Website,Insurance,26-11-24,22-08-25,Paused
1013,Intuitive analyzing portal,Facebook,Insurance,10-10-24,22-08-25,Completed
1014,Team-oriented dynamic database,Google Ads,Home Loan,04-12-24,22-08-25,Completed
1015,Secured maximized paradigm,SMS,Home Loan,01-08-25,22-08-25,Paused
1016,Fully-configurable full-range process improvement,Website,Personal Loan,10-12-24,22-08-25,Active
1017,Persevering user-facing analyzer,Facebook,Credit Card,09-05-25,22-08-25,Completed
1018,Profound neutral frame,Mobile App,Personal Loan,27-12-24,22-08-25,Completed
1019,Switchable fault-tolerant definition,Mobile App,Credit Card,23-12-24,22-08-25,Active
1020,Multi-tiered asynchronous throughput,Mobile App,Savings Account,08-05-25,22-08-25,Active
1021,Ergonomic maximized extranet,Website,Credit Card,10-02-25,22-08-25,Paused
1022,Persistent interactive parallelism,Website,Credit Card,28-04-25,22-08-25,Active
1023,Multi-channeled discrete instruction set,Branch,Home Loan,05-07-25,22-08-25,Paused
1024,Digitized optimal project,Google Ads,Personal Loan,22-02-25,22-08-25,Paused
1025,Pre-emptive static support,Facebook,Home Loan,28-03-25,22-08-25,Paused
1026,Reactive needs-based alliance,Email,Home Loan,13-11-24,22-08-25,Paused
1027,De-engineered national parallelism,Mobile App,Insurance,08-01-25,22-08-25,Active
1028,Innovative 24hour array,Email,Home Loan,17-06-25,22-08-25,Completed
1029,Self-enabling bifurcated capability,Google Ads,Insurance,14-02-25,22-08-25,Paused
1030,Enterprise-wide encompassing infrastructure,Website,Insurance,04-01-25,22-08-25,Completed
1031,Realigned background solution,Instagram,Home Loan,13-11-24,22-08-25,Active
1032,Business-focused system-worthy utilization,Google Ads,Savings Account,08-11-24,22-08-25,Paused
1033,Decentralized system-worthy framework,Instagram,Savings Account,09-11-24,22-08-25,Paused
1034,Balanced tangible orchestration,SMS,Savings Account,30-06-25,22-08-25,Paused
1035,Networked executive info-mediaries,Website,Savings Account,08-06-25,22-08-25,Active
1036,Monitored mission-critical toolset,Mobile App,Savings Account,16-01-25,22-08-25,Active
1037,Synergized value-added moderator,SMS,Credit Card,16-08-25,22-08-25,Completed
1038,Open-architected well-modulated open architecture,Website,Savings Account,28-10-24,22-08-25,Paused
1039,Advanced 3rdgeneration migration,Google Ads,Savings Account,19-05-25,22-08-25,Paused
1040,Up-sized solution-oriented workforce,Website,Insurance,12-10-24,22-08-25,Active
1041,User-centric logistical superstructure,Google Ads,Insurance,30-01-25,22-08-25,Completed
1042,Public-key context-sensitive moderator,Google Ads,Credit Card,07-04-25,22-08-25,Paused
1043,Adaptive executive data-warehouse,Website,Home Loan,12-03-25,22-08-25,Completed
1044,Integrated secondary application,Branch,Credit Card,01-10-24,22-08-25,Paused
1045,Diverse optimal flexibility,SMS,Insurance,26-11-24,22-08-25,Paused
1046,Monitored non-volatile success,SMS,Home Loan,22-01-25,22-08-25,Completed
1047,Business-focused systemic approach,Facebook,Insurance,10-06-25,22-08-25,Active
1048,Configurable hybrid hub,Email,Home Loan,26-07-25,22-08-25,Completed
1049,Open-source local installation,Mobile App,Insurance,13-05-25,22-08-25,Active
1050,Focused maximized complexity,Mobile App,Personal Loan,17-08-25,22-08-25,Active
1051,Switchable zero tolerance archive,Branch,Insurance,20-05-25,22-08-25,Paused
1052,Upgradable heuristic firmware,SMS,Savings Account,27-11-24,22-08-25,Completed
1053,Compatible encompassing conglomeration,SMS,Insurance,16-11-24,22-08-25,Completed
1054,Customizable even-keeled matrices,Instagram,Credit Card,29-03-25,22-08-25,Active
1055,De-engineered 24/7 hardware,SMS,Insurance,14-09-24,22-08-25,Active
1056,Programmable 3rdgeneration neural-net,Instagram,Credit Card,05-03-25,22-08-25,Paused
1057,Fully-configurable motivating emulation,Google Ads,Home Loan,27-10-24,22-08-25,Active
1058,De-engineered stable task-force,Facebook,Savings Account,10-08-25,22-08-25,Active
1059,Cross-platform hybrid knowledgebase,Branch,Insurance,13-06-25,22-08-25,Completed
1060,Customizable homogeneous budgetary management,Website,Insurance,05-08-25,22-08-25,Active
1061,Mandatory human-resource hub,Branch,Insurance,04-03-25,22-08-25,Active
1062,Optimized grid-enabled frame,Mobile App,Credit Card,02-09-24,22-08-25,Completed
1063,Cross-group static challenge,Instagram,Insurance,13-05-25,22-08-25,Active
1064,Stand-alone 4thgeneration matrices,SMS,Savings Account,15-12-24,22-08-25,Completed
1065,Cloned asynchronous system engine,Facebook,Savings Account,09-02-25,22-08-25,Active
1066,Realigned eco-centric benchmark,Instagram,Credit Card,12-08-25,22-08-25,Completed
1067,Enhanced empowering artificial intelligence,Mobile App,Home Loan,26-02-25,22-08-25,Paused
1068,Adaptive web-enabled project,Mobile App,Credit Card,18-12-24,22-08-25,Paused
1069,Universal user-facing database,SMS,Credit Card,01-06-25,22-08-25,Paused
1070,Reverse-engineered heuristic ability,Email,Personal Loan,24-08-24,22-08-25,Completed
1071,Mandatory dynamic open architecture,Facebook,Credit Card,26-04-25,22-08-25,Paused
1072,Enterprise-wide encompassing moratorium,Instagram,Insurance,29-01-25,22-08-25,Completed
1073,Realigned leadingedge implementation,Instagram,Insurance,01-10-24,22-08-25,Completed
1074,Multi-lateral explicit hardware,Website,Home Loan,24-04-25,22-08-25,Paused
1075,Down-sized maximized ability,Branch,Savings Account,21-08-24,22-08-25,Paused
1076,Profound contextually-based time-frame,SMS,Savings Account,10-02-25,22-08-25,Paused
1077,Extended web-enabled emulation,Instagram,Personal Loan,03-04-25,22-08-25,Active
1078,Universal high-level definition,Facebook,Credit Card,05-06-25,22-08-25,Paused
1079,Distributed client-driven Graphical User Interface,SMS,Credit Card,23-05-25,22-08-25,Completed
1080,Reverse-engineered client-server concept,Instagram,Home Loan,13-08-25,22-08-25,Active
1081,User-centric bifurcated conglomeration,Facebook,Personal Loan,12-05-25,22-08-25,Active
1082,Networked optimal capacity,Branch,Insurance,24-03-25,22-08-25,Paused
1083,Open-source reciprocal data-warehouse,Email,Credit Card,26-04-25,22-08-25,Paused
1084,Public-key maximized customer loyalty,Instagram,Credit Card,14-07-25,22-08-25,Completed
1085,Public-key solution-oriented product,SMS,Savings Account,11-12-24,22-08-25,Completed
1086,Inverse executive collaboration,Google Ads,Personal Loan,20-12-24,22-08-25,Active
1087,Digitized optimal contingency,SMS,Insurance,01-06-25,22-08-25,Paused
1088,User-friendly foreground data-warehouse,Facebook,Credit Card,17-02-25,22-08-25,Completed
1089,Decentralized foreground concept,Google Ads,Personal Loan,30-06-25,22-08-25,Paused
1090,Switchable optimal focus group,Email,Credit Card,30-09-24,22-08-25,Paused
1091,Expanded actuating projection,Website,Savings Account,12-05-25,22-08-25,Active
1092,Self-enabling multimedia core,Mobile App,Insurance,28-03-25,22-08-25,Active
1093,Extended tangible application,Instagram,Credit Card,03-11-24,22-08-25,Active
1094,Persevering object-oriented solution,SMS,Savings Account,13-07-25,22-08-25,Active
1095,Fundamental discrete strategy,Email,Savings Account,05-09-24,22-08-25,Paused
1096,Decentralized multi-state forecast,Instagram,Personal Loan,28-06-25,22-08-25,Active
1097,Down-sized static portal,Mobile App,Personal Loan,19-02-25,22-08-25,Active
1098,Self-enabling contextually-based budgetary management,Branch,Insurance,17-11-24,22-08-25,Paused
1099,Reactive responsive projection,SMS,Home Loan,10-01-25,22-08-25,Paused
1100,Function-based grid-enabled complexity,Facebook,Personal Loan,01-04-25,22-08-25,Active
1101,Virtual regional contingency,SMS,Credit Card,24-12-24,22-08-25,Active
1102,Mandatory asymmetric workforce,Email,Credit Card,07-08-25,22-08-25,Completed
1103,Adaptive stable adapter,SMS,Credit Card,21-02-25,22-08-25,Paused
1104,Assimilated optimizing matrices,Google Ads,Credit Card,18-07-25,22-08-25,Active
1105,Reactive motivating attitude,Mobile App,Insurance,08-10-24,22-08-25,Completed
1106,Pre-emptive mobile instruction set,Website,Savings Account,10-12-24,22-08-25,Paused
1107,Advanced coherent flexibility,Google Ads,Credit Card,02-04-25,22-08-25,Completed
1108,Intuitive value-added core,Branch,Savings Account,23-12-24,22-08-25,Completed
1109,De-engineered disintermediate time-frame,Branch,Personal Loan,04-03-25,22-08-25,Paused
1110,Object-based demand-driven product,Google Ads,Savings Account,02-12-24,22-08-25,Completed
1111,Intuitive clear-thinking product,Facebook,Insurance,01-11-24,22-08-25,Paused
1112,Exclusive explicit product,Facebook,Savings Account,04-08-25,22-08-25,Active
1113,Persevering needs-based functionalities,Google Ads,Personal Loan,13-09-24,22-08-25,Active
1114,Cloned tertiary support,Branch,Insurance,29-01-25,22-08-25,Paused
1115,Integrated methodical portal,Branch,Personal Loan,19-08-25,22-08-25,Paused
1116,Fundamental fresh-thinking monitoring,Instagram,Credit Card,19-09-24,22-08-25,Paused
1117,Phased next generation flexibility,Branch,Insurance,20-01-25,22-08-25,Paused
1118,Multi-layered content-based conglomeration,Facebook,Home Loan,03-12-24,22-08-25,Completed
1119,Profit-focused bifurcated moratorium,Email,Savings Account,29-11-24,22-08-25,Active
1120,Organic optimizing moderator,Website,Credit Card,18-03-25,22-08-25,Completed
1121,Distributed solution-oriented algorithm,Instagram,Credit Card,31-08-24,22-08-25,Completed
1122,Down-sized dedicated artificial intelligence,SMS,Insurance,03-03-25,22-08-25,Paused
1123,Vision-oriented regional capacity,Facebook,Personal Loan,31-01-25,22-08-25,Active
1124,Exclusive bottom-line installation,SMS,Home Loan,10-06-25,22-08-25,Completed
1125,Organized fault-tolerant circuit,Branch,Savings Account,09-07-25,22-08-25,Paused
1126,Synchronized radical monitoring,SMS,Savings Account,16-02-25,22-08-25,Active
1127,Phased logistical model,Instagram,Credit Card,11-01-25,22-08-25,Active
1128,Profit-focused grid-enabled access,Facebook,Insurance,13-01-25,22-08-25,Active
1129,Robust global pricing structure,Facebook,Home Loan,29-04-25,22-08-25,Active
1130,Universal multi-state projection,SMS,Savings Account,09-11-24,22-08-25,Paused
1131,Centralized user-facing structure,Website,Credit Card,16-09-24,22-08-25,Completed
1132,Multi-layered methodical pricing structure,Mobile App,Home Loan,12-09-24,22-08-25,Completed
1133,Compatible grid-enabled Internet solution,SMS,Insurance,22-07-25,22-08-25,Completed
1134,Grass-roots intangible open architecture,Instagram,Insurance,01-07-25,22-08-25,Completed
1135,Enhanced client-driven collaboration,Email,Savings Account,20-04-25,22-08-25,Paused
1136,Re-engineered bandwidth-monitored solution,Facebook,Insurance,20-05-25,22-08-25,Active
1137,Visionary logistical infrastructure,Branch,Insurance,11-08-25,22-08-25,Completed
1138,Innovative secondary help-desk,Mobile App,Home Loan,12-04-25,22-08-25,Paused
1139,Switchable upward-trending firmware,SMS,Personal Loan,14-02-25,22-08-25,Active
1140,Multi-lateral 3rdgeneration capacity,Email,Savings Account,28-12-24,22-08-25,Active
1141,Focused dynamic infrastructure,Mobile App,Credit Card,26-05-25,22-08-25,Paused
1142,Synchronized empowering challenge,Email,Insurance,22-07-25,22-08-25,Paused
1143,Pre-emptive national open system,Website,Savings Account,20-07-25,22-08-25,Active
1144,Cross-group dynamic product,SMS,Credit Card,11-12-24,22-08-25,Paused
1145,Integrated transitional firmware,Email,Credit Card,11-02-25,22-08-25,Paused
1146,Stand-alone 24hour database,Email,Credit Card,10-07-25,22-08-25,Paused
1147,Organic incremental task-force,Google Ads,Home Loan,14-05-25,22-08-25,Paused
1148,Reactive hybrid hierarchy,Instagram,Home Loan,19-02-25,22-08-25,Paused
1149,Upgradable composite interface,Google Ads,Home Loan,26-03-25,22-08-25,Paused
1150,Synchronized analyzing hub,Instagram,Credit Card,31-01-25,22-08-25,Completed
1151,Pre-emptive maximized superstructure,Facebook,Savings Account,21-08-25,22-08-25,Active
1152,Fundamental global synergy,Facebook,Insurance,26-06-25,22-08-25,Paused
1153,Centralized 3rdgeneration Graphical User Interface,Branch,Credit Card,28-04-25,22-08-25,Completed
1154,Ergonomic non-volatile process improvement,Instagram,Insurance,11-11-24,22-08-25,Paused
1155,Sharable multimedia projection,Branch,Savings Account,26-03-25,22-08-25,Active
1156,Right-sized intangible function,Website,Credit Card,02-05-25,22-08-25,Paused
1157,Profound well-modulated definition,Mobile App,Savings Account,02-10-24,22-08-25,Completed
1158,Automated didactic forecast,Mobile App,Home Loan,21-04-25,22-08-25,Paused
1159,Progressive static moratorium,Facebook,Home Loan,22-09-24,22-08-25,Active
1160,De-engineered full-range methodology,Branch,Savings Account,08-05-25,22-08-25,Active
1161,Down-sized user-facing array,Branch,Credit Card,24-06-25,22-08-25,Paused
1162,Progressive web-enabled methodology,Mobile App,Credit Card,30-04-25,22-08-25,Active
1163,Decentralized zero administration benchmark,Email,Home Loan,27-10-24,22-08-25,Active
1164,De-engineered needs-based intranet,Website,Home Loan,16-07-25,22-08-25,Active
1165,Integrated empowering array,Email,Insurance,27-04-25,22-08-25,Completed
1166,Integrated clear-thinking implementation,Instagram,Insurance,17-02-25,22-08-25,Active
1167,Innovative holistic secured line,Mobile App,Credit Card,19-09-24,22-08-25,Active
1168,Innovative bandwidth-monitored conglomeration,Website,Personal Loan,30-05-25,22-08-25,Completed
1169,Front-line contextually-based neural-net,Website,Personal Loan,25-04-25,22-08-25,Active
1170,Decentralized zero administration utilization,Facebook,Insurance,02-01-25,22-08-25,Completed
1171,Managed methodical adapter,Branch,Personal Loan,31-10-24,22-08-25,Completed
1172,Ameliorated regional encryption,Website,Insurance,02-09-24,22-08-25,Active
1173,Multi-layered encompassing parallelism,Branch,Home Loan,08-08-25,22-08-25,Completed
1174,Compatible didactic implementation,Instagram,Credit Card,23-12-24,22-08-25,Completed
1175,Integrated object-oriented task-force,Mobile App,Personal Loan,14-10-24,22-08-25,Paused
1176,Mandatory 24hour focus group,Instagram,Credit Card,03-09-24,22-08-25,Active
1177,Customizable logistical standardization,SMS,Credit Card,18-06-25,22-08-25,Paused
1178,Team-oriented client-server knowledge user,Facebook,Credit Card,08-06-25,22-08-25,Active
1179,Networked value-added frame,Facebook,Savings Account,06-03-25,22-08-25,Active
1180,Diverse secondary strategy,SMS,Credit Card,23-07-25,22-08-25,Completed
1181,Team-oriented interactive instruction set,Branch,Credit Card,12-04-25,22-08-25,Paused
1182,Seamless client-driven capacity,Mobile App,Home Loan,22-08-24,22-08-25,Completed
1183,Fully-configurable disintermediate circuit,Mobile App,Insurance,06-07-25,22-08-25,Active
1184,Future-proofed disintermediate neural-net,Branch,Savings Account,27-06-25,22-08-25,Completed
1185,Inverse intangible hierarchy,Branch,Savings Account,20-01-25,22-08-25,Active
1186,Persistent well-modulated adapter,Facebook,Credit Card,19-02-25,22-08-25,Active
1187,Multi-layered composite frame,Email,Personal Loan,12-12-24,22-08-25,Completed
1188,Secured value-added throughput,Google Ads,Insurance,09-08-25,22-08-25,Active
1189,Sharable heuristic time-frame,Google Ads,Personal Loan,03-04-25,22-08-25,Completed
1190,Focused 4thgeneration time-frame,Email,Savings Account,27-12-24,22-08-25,Active
1191,Persistent bottom-line product,Website,Credit Card,04-11-24,22-08-25,Completed
1192,Networked directional archive,Branch,Savings Account,06-03-25,22-08-25,Completed
1193,Front-line 3rdgeneration implementation,Branch,Credit Card,05-06-25,22-08-25,Paused
1194,Enhanced global support,SMS,Savings Account,12-12-24,22-08-25,Paused
1195,Universal regional implementation,SMS,Home Loan,19-12-24,22-08-25,Paused
1196,Monitored attitude-oriented flexibility,Instagram,Personal Loan,18-11-24,22-08-25,Paused
1197,Right-sized actuating open system,Facebook,Credit Card,13-09-24,22-08-25,Active
1198,Inverse human-resource core,Facebook,Credit Card,19-01-25,22-08-25,Completed
1199,Virtual didactic neural-net,Mobile App,Personal Loan,04-11-24,22-08-25,Completed
1200,Intuitive discrete infrastructure,Instagram,Savings Account,06-10-24,22-08-25,Active
1201,Focused heuristic benchmark,Branch,Credit Card,18-01-25,22-08-25,Active
1202,Devolved intermediate process improvement,Mobile App,Home Loan,19-08-25,22-08-25,Active
1203,Advanced multi-tasking time-frame,Branch,Credit Card,19-05-25,22-08-25,Completed
1204,Versatile solution-oriented definition,SMS,Savings Account,19-04-25,22-08-25,Paused
1205,Cross-group human-resource productivity,Google Ads,Personal Loan,24-02-25,22-08-25,Paused
1206,Robust neutral core,Google Ads,Personal Loan,13-02-25,22-08-25,Paused
1207,Self-enabling uniform hardware,SMS,Insurance,01-04-25,22-08-25,Paused
1208,Team-oriented system-worthy leverage,Instagram,Credit Card,23-12-24,22-08-25,Paused
1209,Upgradable clear-thinking concept,Google Ads,Savings Account,25-05-25,22-08-25,Paused
1210,Triple-buffered mobile matrices,Facebook,Personal Loan,01-12-24,22-08-25,Paused
1211,Future-proofed stable challenge,SMS,Insurance,20-04-25,22-08-25,Completed
1212,Visionary disintermediate encryption,Instagram,Credit Card,24-12-24,22-08-25,Active
1213,User-friendly discrete superstructure,SMS,Credit Card,13-01-25,22-08-25,Completed
1214,Networked bifurcated toolset,Facebook,Insurance,04-11-24,22-08-25,Completed
1215,Assimilated non-volatile open architecture,Google Ads,Personal Loan,07-03-25,22-08-25,Active
1216,Versatile optimizing protocol,Branch,Credit Card,04-07-25,22-08-25,Paused
1217,Mandatory 24/7 emulation,Google Ads,Personal Loan,01-03-25,22-08-25,Completed
1218,Persevering systematic Local Area Network,Mobile App,Insurance,12-06-25,22-08-25,Paused
1219,Fundamental neutral customer loyalty,Email,Credit Card,08-01-25,22-08-25,Paused
1220,Focused zero administration open system,Branch,Credit Card,07-11-24,22-08-25,Completed
1221,Future-proofed maximized pricing structure,Website,Personal Loan,06-04-25,22-08-25,Active
1222,Reduced upward-trending middleware,Instagram,Insurance,21-08-24,22-08-25,Completed
1223,Programmable static parallelism,Instagram,Savings Account,12-06-25,22-08-25,Completed
1224,Profound zero administration instruction set,Facebook,Credit Card,05-02-25,22-08-25,Completed
1225,Cloned eco-centric alliance,SMS,Home Loan,15-07-25,22-08-25,Active
1226,Cross-group uniform infrastructure,Website,Savings Account,03-03-25,22-08-25,Active
1227,De-engineered web-enabled matrix,Mobile App,Credit Card,23-03-25,22-08-25,Completed
1228,Team-oriented asymmetric system engine,Branch,Home Loan,12-02-25,22-08-25,Active
1229,Upgradable 24/7 access,Website,Personal Loan,12-10-24,22-08-25,Paused
1230,Enterprise-wide didactic flexibility,Branch,Credit Card,25-12-24,22-08-25,Active
1231,Seamless exuding neural-net,Instagram,Insurance,29-10-24,22-08-25,Paused
1232,Profound responsive archive,Email,Savings Account,21-01-25,22-08-25,Paused
1233,Centralized demand-driven throughput,Branch,Personal Loan,11-10-24,22-08-25,Completed
1234,Progressive optimal architecture,Mobile App,Credit Card,23-05-25,22-08-25,Completed
1235,Optional 6thgeneration adapter,Facebook,Credit Card,21-06-25,22-08-25,Active
1236,Enterprise-wide zero tolerance challenge,Facebook,Home Loan,10-10-24,22-08-25,Paused
1237,Profit-focused high-level service-desk,Mobile App,Insurance,28-01-25,22-08-25,Paused
1238,Cloned context-sensitive infrastructure,Website,Savings Account,14-09-24,22-08-25,Completed
1239,Distributed motivating synergy,Google Ads,Credit Card,28-09-24,22-08-25,Active
1240,Optional coherent methodology,Instagram,Home Loan,31-01-25,22-08-25,Paused
1241,Digitized secondary function,Facebook,Personal Loan,04-01-25,22-08-25,Active
1242,Balanced systematic orchestration,Website,Insurance,01-03-25,22-08-25,Paused
1243,Decentralized holistic strategy,Mobile App,Home Loan,05-03-25,22-08-25,Active
1244,Reactive multi-state task-force,SMS,Home Loan,01-06-25,22-08-25,Completed
1245,Configurable zero tolerance capability,SMS,Insurance,13-04-25,22-08-25,Active
1246,Optimized dynamic concept,Google Ads,Credit Card,20-05-25,22-08-25,Active
1247,Exclusive homogeneous database,Branch,Personal Loan,25-12-24,22-08-25,Paused
1248,Polarized content-based complexity,Google Ads,Personal Loan,20-08-25,22-08-25,Active
1249,Adaptive heuristic array,SMS,Insurance,31-08-24,22-08-25,Active
1250,Balanced background project,Email,Personal Loan,01-06-25,22-08-25,Active
1251,Horizontal full-range array,Branch,Insurance,05-01-25,22-08-25,Active
1252,Self-enabling neutral solution,Instagram,Home Loan,26-09-24,22-08-25,Completed
1253,Inverse tangible functionalities,SMS,Savings Account,12-09-24,22-08-25,Paused
1254,Multi-channeled attitude-oriented strategy,Facebook,Savings Account,13-05-25,22-08-25,Paused
1255,Visionary 5thgeneration knowledgebase,Mobile App,Credit Card,31-05-25,22-08-25,Active
1256,Business-focused 5thgeneration array,Mobile App,Personal Loan,03-06-25,22-08-25,Completed
1257,User-centric reciprocal capability,SMS,Insurance,25-02-25,22-08-25,Paused
1258,Monitored tertiary open system,Email,Insurance,13-09-24,22-08-25,Paused
1259,Stand-alone bi-directional algorithm,Branch,Savings Account,07-08-25,22-08-25,Paused
1260,Phased heuristic alliance,Mobile App,Savings Account,12-03-25,22-08-25,Completed
1261,Fundamental upward-trending Internet solution,SMS,Credit Card,30-03-25,22-08-25,Paused
1262,Grass-roots intermediate Graphical User Interface,Instagram,Personal Loan,12-05-25,22-08-25,Paused
1263,Switchable asymmetric database,Google Ads,Home Loan,05-12-24,22-08-25,Active
1264,Innovative value-added firmware,Facebook,Home Loan,29-06-25,22-08-25,Completed
1265,Digitized well-modulated hardware,Facebook,Savings Account,17-05-25,22-08-25,Completed
1266,Versatile optimal infrastructure,Branch,Credit Card,22-01-25,22-08-25,Completed
1267,Centralized mobile success,Branch,Personal Loan,24-05-25,22-08-25,Paused
1268,Organic disintermediate utilization,SMS,Insurance,04-02-25,22-08-25,Active
1269,Universal coherent array,Branch,Home Loan,31-03-25,22-08-25,Active
1270,Extended content-based synergy,SMS,Home Loan,02-10-24,22-08-25,Paused
1271,Intuitive empowering knowledge user,Mobile App,Home Loan,09-02-25,22-08-25,Completed
1272,Face-to-face eco-centric focus group,Website,Credit Card,12-05-25,22-08-25,Paused
1273,Organized zero-defect portal,Google Ads,Insurance,13-11-24,22-08-25,Completed
1274,Stand-alone executive conglomeration,SMS,Credit Card,18-12-24,22-08-25,Active
1275,Enhanced cohesive concept,SMS,Insurance,15-01-25,22-08-25,Paused
1276,Function-based neutral circuit,Mobile App,Insurance,05-01-25,22-08-25,Completed
1277,Universal homogeneous capability,Email,Home Loan,07-09-24,22-08-25,Paused
1278,Mandatory dynamic encoding,Google Ads,Home Loan,06-07-25,22-08-25,Active
1279,Business-focused next generation hardware,Website,Home Loan,14-12-24,22-08-25,Paused
1280,Reduced optimal ability,Email,Personal Loan,01-04-25,22-08-25,Paused
1281,Re-contextualized zero tolerance workforce,Email,Insurance,02-05-25,22-08-25,Active
1282,Programmable interactive methodology,Branch,Credit Card,12-08-25,22-08-25,Paused
1283,Organized system-worthy structure,SMS,Savings Account,17-05-25,22-08-25,Active
1284,Advanced needs-based parallelism,Mobile App,Insurance,23-09-24,22-08-25,Completed
1285,Fundamental incremental ability,Website,Credit Card,15-10-24,22-08-25,Completed
1286,Inverse client-driven capability,SMS,Credit Card,11-05-25,22-08-25,Active
1287,Integrated motivating groupware,Google Ads,Home Loan,24-03-25,22-08-25,Completed
1288,De-engineered multimedia system engine,Instagram,Personal Loan,11-05-25,22-08-25,Active
1289,Down-sized human-resource encryption,Instagram,Home Loan,07-02-25,22-08-25,Active
1290,Distributed dedicated hub,Google Ads,Insurance,02-12-24,22-08-25,Paused
1291,Expanded coherent contingency,SMS,Credit Card,06-03-25,22-08-25,Active
1292,Total static instruction set,SMS,Credit Card,04-10-24,22-08-25,Active
1293,Customer-focused heuristic process improvement,Website,Personal Loan,15-12-24,22-08-25,Active
1294,Extended incremental utilization,SMS,Insurance,06-02-25,22-08-25,Paused
1295,Function-based 3rdgeneration support,Facebook,Insurance,01-09-24,22-08-25,Active
1296,Adaptive 5thgeneration Graphical User Interface,Facebook,Personal Loan,04-12-24,22-08-25,Paused
1297,Triple-buffered next generation help-desk,Branch,Credit Card,04-03-25,22-08-25,Paused
1298,Function-based client-driven archive,Branch,Personal Loan,07-07-25,22-08-25,Paused
1299,Operative 24/7 installation,Google Ads,Insurance,31-07-25,22-08-25,Paused
1300,Networked 5thgeneration approach,Facebook,Personal Loan,22-02-25,22-08-25,Completed
1301,Proactive high-level pricing structure,SMS,Credit Card,04-04-25,22-08-25,Completed
1302,Ameliorated fresh-thinking infrastructure,Instagram,Home Loan,12-11-24,22-08-25,Active
1303,Object-based client-server task-force,Instagram,Credit Card,15-01-25,22-08-25,Active
1304,Decentralized reciprocal website,Instagram,Savings Account,01-07-25,22-08-25,Active
1305,Realigned upward-trending core,Website,Home Loan,17-09-24,22-08-25,Paused
1306,Automated responsive success,Instagram,Savings Account,22-05-25,22-08-25,Paused
1307,Centralized 3rdgeneration encoding,Instagram,Personal Loan,21-02-25,22-08-25,Active
1308,Secured national orchestration,Website,Savings Account,15-11-24,22-08-25,Active
1309,Sharable intermediate hub,Mobile App,Insurance,27-09-24,22-08-25,Completed
1310,Synergized 24hour parallelism,SMS,Insurance,11-02-25,22-08-25,Completed
1311,Total multi-tasking middleware,Mobile App,Credit Card,17-10-24,22-08-25,Completed
1312,Multi-layered maximized algorithm,Branch,Credit Card,16-11-24,22-08-25,Paused
1313,Multi-lateral context-sensitive leverage,Email,Insurance,14-12-24,22-08-25,Active
1314,Face-to-face bandwidth-monitored process improvement,Email,Savings Account,18-06-25,22-08-25,Active
1315,Operative interactive alliance,SMS,Insurance,20-01-25,22-08-25,Paused
1316,Front-line client-driven adapter,Google Ads,Insurance,15-09-24,22-08-25,Completed
1317,Progressive zero tolerance process improvement,Facebook,Savings Account,07-12-24,22-08-25,Completed
1318,Operative zero-defect moratorium,Email,Insurance,17-10-24,22-08-25,Paused
1319,Implemented transitional installation,Google Ads,Credit Card,16-01-25,22-08-25,Active
1320,Vision-oriented 24/7 portal,Website,Personal Loan,02-03-25,22-08-25,Completed
1321,Team-oriented bandwidth-monitored adapter,Facebook,Personal Loan,31-03-25,22-08-25,Active
1322,Face-to-face disintermediate secured line,Instagram,Insurance,16-12-24,22-08-25,Completed
1323,Ergonomic fault-tolerant customer loyalty,Website,Insurance,07-01-25,22-08-25,Completed
1324,Distributed mission-critical algorithm,Email,Credit Card,02-02-25,22-08-25,Completed
1325,Persistent object-oriented knowledge user,Instagram,Insurance,13-04-25,22-08-25,Completed
1326,Multi-channeled clear-thinking matrices,Website,Personal Loan,08-03-25,22-08-25,Paused
1327,Multi-channeled content-based framework,Branch,Home Loan,24-08-24,22-08-25,Paused
1328,Monitored eco-centric forecast,Email,Home Loan,14-11-24,22-08-25,Active
1329,Networked impactful archive,Email,Home Loan,14-05-25,22-08-25,Completed
1330,Expanded clear-thinking benchmark,Branch,Home Loan,10-12-24,22-08-25,Completed
1331,Compatible motivating installation,SMS,Savings Account,15-03-25,22-08-25,Active
1332,Operative responsive info-mediaries,SMS,Credit Card,05-12-24,22-08-25,Paused
1333,Visionary intermediate methodology,Mobile App,Savings Account,26-12-24,22-08-25,Paused
1334,Phased neutral budgetary management,Branch,Home Loan,12-04-25,22-08-25,Completed
1335,Innovative hybrid strategy,Mobile App,Credit Card,27-06-25,22-08-25,Paused
1336,Managed 4thgeneration hierarchy,Google Ads,Credit Card,26-03-25,22-08-25,Completed
1337,Object-based explicit implementation,Mobile App,Credit Card,07-10-24,22-08-25,Completed
1338,Right-sized radical extranet,Email,Personal Loan,08-02-25,22-08-25,Completed
1339,Open-architected user-facing standardization,Instagram,Savings Account,12-04-25,22-08-25,Paused
1340,Innovative cohesive strategy,Instagram,Insurance,21-06-25,22-08-25,Active
1341,Future-proofed systemic Internet solution,Instagram,Insurance,29-11-24,22-08-25,Completed
1342,Programmable 4thgeneration success,Mobile App,Savings Account,26-05-25,22-08-25,Paused
1343,Stand-alone static hub,Email,Personal Loan,03-10-24,22-08-25,Active
1344,Monitored static neural-net,Website,Savings Account,06-05-25,22-08-25,Paused
1345,Organized leadingedge utilization,Google Ads,Credit Card,09-02-25,22-08-25,Paused
1346,Customer-focused 5thgeneration software,Google Ads,Savings Account,01-04-25,22-08-25,Completed
1347,Virtual client-driven initiative,Instagram,Home Loan,21-06-25,22-08-25,Completed
1348,Re-engineered optimal help-desk,Mobile App,Personal Loan,26-02-25,22-08-25,Active
1349,Compatible grid-enabled encryption,SMS,Credit Card,20-04-25,22-08-25,Completed
1350,Networked bifurcated model,Website,Insurance,29-08-24,22-08-25,Paused
1351,Open-architected system-worthy intranet,Branch,Personal Loan,27-09-24,22-08-25,Completed
1352,Pre-emptive 5thgeneration Local Area Network,Website,Credit Card,28-04-25,22-08-25,Completed
1353,Assimilated optimizing contingency,Instagram,Credit Card,09-01-25,22-08-25,Completed
1354,Public-key non-volatile secured line,Mobile App,Insurance,25-10-24,22-08-25,Active
1355,Horizontal well-modulated interface,Branch,Personal Loan,26-03-25,22-08-25,Completed
1356,Reverse-engineered client-driven system engine,Mobile App,Savings Account,26-11-24,22-08-25,Paused
1357,Reverse-engineered modular migration,Mobile App,Insurance,17-03-25,22-08-25,Completed
1358,Right-sized transitional flexibility,Facebook,Savings Account,09-09-24,22-08-25,Completed
1359,Realigned motivating middleware,Branch,Credit Card,14-06-25,22-08-25,Paused
1360,Function-based attitude-oriented installation,Website,Home Loan,29-04-25,22-08-25,Active
1361,Persistent multimedia info-mediaries,Google Ads,Savings Account,21-02-25,22-08-25,Paused
1362,Horizontal non-volatile function,Mobile App,Credit Card,30-05-25,22-08-25,Paused
1363,Streamlined zero-defect benchmark,Email,Personal Loan,01-11-24,22-08-25,Completed
1364,Pre-emptive intangible strategy,SMS,Home Loan,29-07-25,22-08-25,Active
1365,Configurable composite infrastructure,Website,Savings Account,09-01-25,22-08-25,Completed
1366,Universal content-based challenge,Google Ads,Insurance,11-04-25,22-08-25,Active
1367,Secured systemic application,Mobile App,Home Loan,06-10-24,22-08-25,Paused
1368,Cloned full-range productivity,Mobile App,Savings Account,07-12-24,22-08-25,Active
1369,Open-source bandwidth-monitored hub,Website,Savings Account,26-04-25,22-08-25,Paused
1370,Up-sized optimizing definition,Facebook,Savings Account,02-06-25,22-08-25,Paused
1371,Compatible methodical algorithm,Facebook,Home Loan,28-02-25,22-08-25,Active
1372,Re-contextualized bandwidth-monitored support,Email,Savings Account,06-02-25,22-08-25,Completed
1373,Upgradable optimizing parallelism,Instagram,Home Loan,04-04-25,22-08-25,Active
1374,Implemented zero-defect open system,Instagram,Home Loan,25-11-24,22-08-25,Active
1375,Compatible mission-critical project,Email,Credit Card,26-02-25,22-08-25,Paused
1376,Versatile mission-critical interface,SMS,Insurance,14-02-25,22-08-25,Active
1377,Digitized zero administration service-desk,Email,Savings Account,18-11-24,22-08-25,Paused
1378,Total optimal methodology,Google Ads,Home Loan,23-12-24,22-08-25,Completed
1379,Extended methodical product,Google Ads,Savings Account,23-07-25,22-08-25,Paused
1380,Intuitive modular collaboration,Website,Insurance,08-06-25,22-08-25,Completed
1381,Balanced content-based extranet,Google Ads,Savings Account,09-06-25,22-08-25,Active
1382,Proactive asynchronous hub,Mobile App,Personal Loan,16-05-25,22-08-25,Completed
1383,Visionary grid-enabled structure,Facebook,Credit Card,22-08-24,22-08-25,Active
1384,Ergonomic multimedia hub,Website,Credit Card,08-07-25,22-08-25,Completed
1385,Ergonomic uniform Local Area Network,Instagram,Personal Loan,20-08-25,22-08-25,Paused
1386,Organic analyzing groupware,Email,Home Loan,26-03-25,22-08-25,Completed
1387,Pre-emptive dedicated encryption,Mobile App,Home Loan,29-05-25,22-08-25,Completed
1388,Centralized 3rdgeneration toolset,Mobile App,Savings Account,21-02-25,22-08-25,Paused
1389,Synergized executive function,Email,Savings Account,21-10-24,22-08-25,Active
1390,Advanced methodical capability,Instagram,Home Loan,09-01-25,22-08-25,Paused
1391,Grass-roots 5thgeneration superstructure,Branch,Personal Loan,09-08-25,22-08-25,Active
1392,Switchable modular ability,SMS,Home Loan,03-08-25,22-08-25,Completed
1393,Operative 3rdgeneration Local Area Network,Instagram,Home Loan,13-03-25,22-08-25,Completed
1394,Robust 3rdgeneration groupware,Branch,Credit Card,10-07-25,22-08-25,Completed
1395,Right-sized systematic function,Google Ads,Home Loan,25-08-24,22-08-25,Paused
1396,Ergonomic uniform hardware,Google Ads,Savings Account,02-12-24,22-08-25,Completed
1397,Diverse system-worthy array,Email,Personal Loan,14-11-24,22-08-25,Completed
1398,Robust bi-directional artificial intelligence,Google Ads,Personal Loan,06-04-25,22-08-25,Paused
1399,Down-sized needs-based budgetary management,Instagram,Savings Account,24-09-24,22-08-25,Completed
1400,Open-source exuding challenge,Mobile App,Savings Account,12-09-24,22-08-25,Completed
1401,Integrated regional forecast,Website,Savings Account,30-08-24,22-08-25,Active
1402,Multi-channeled next generation attitude,Google Ads,Credit Card,25-11-24,22-08-25,Completed
1403,Progressive 3rdgeneration initiative,Website,Insurance,31-12-24,22-08-25,Active
1404,Phased upward-trending utilization,Instagram,Credit Card,19-04-25,22-08-25,Active
1405,Reduced systematic process improvement,Email,Credit Card,20-08-25,22-08-25,Completed
1406,Future-proofed asynchronous superstructure,Email,Insurance,18-12-24,22-08-25,Paused
1407,Business-focused radical data-warehouse,Website,Credit Card,25-11-24,22-08-25,Completed
1408,Reverse-engineered logistical challenge,SMS,Home Loan,12-09-24,22-08-25,Paused
1409,Seamless non-volatile collaboration,Facebook,Home Loan,22-11-24,22-08-25,Paused
1410,Multi-layered zero-defect Local Area Network,Instagram,Savings Account,06-09-24,22-08-25,Completed
1411,Decentralized 5thgeneration workforce,Mobile App,Insurance,13-09-24,22-08-25,Paused
1412,Front-line mobile infrastructure,Google Ads,Home Loan,21-06-25,22-08-25,Paused
1413,Inverse leadingedge policy,Google Ads,Home Loan,24-08-24,22-08-25,Paused
1414,Face-to-face non-volatile migration,Facebook,Insurance,14-02-25,22-08-25,Completed
1415,Digitized fault-tolerant throughput,SMS,Insurance,05-10-24,22-08-25,Completed
1416,Profit-focused tangible leverage,Mobile App,Insurance,15-01-25,22-08-25,Paused
1417,Synchronized actuating Graphical User Interface,Mobile App,Credit Card,11-02-25,22-08-25,Completed
1418,Realigned value-added architecture,SMS,Savings Account,08-09-24,22-08-25,Completed
1419,Proactive transitional infrastructure,Email,Personal Loan,06-06-25,22-08-25,Active
1420,Intuitive responsive initiative,Website,Credit Card,21-10-24,22-08-25,Paused
1421,Multi-channeled didactic moderator,Instagram,Insurance,29-06-25,22-08-25,Completed
1422,Public-key intermediate policy,Branch,Insurance,09-10-24,22-08-25,Completed
1423,Optimized static pricing structure,Google Ads,Home Loan,12-10-24,22-08-25,Paused
1424,Enhanced optimal parallelism,Instagram,Savings Account,29-01-25,22-08-25,Paused
1425,Multi-channeled value-added conglomeration,Facebook,Savings Account,03-07-25,22-08-25,Paused
1426,Face-to-face system-worthy framework,Email,Home Loan,24-05-25,22-08-25,Completed
1427,Programmable zero administration system engine,Google Ads,Savings Account,06-09-24,22-08-25,Completed
1428,Enhanced user-facing throughput,Website,Insurance,22-09-24,22-08-25,Completed
1429,Proactive uniform extranet,SMS,Insurance,12-05-25,22-08-25,Active
1430,User-friendly client-driven service-desk,Website,Personal Loan,07-02-25,22-08-25,Completed
1431,Versatile multimedia extranet,Mobile App,Savings Account,01-12-24,22-08-25,Active
1432,Progressive national capacity,Mobile App,Personal Loan,26-05-25,22-08-25,Completed
1433,Versatile disintermediate info-mediaries,Email,Personal Loan,01-02-25,22-08-25,Paused
1434,Secured optimal help-desk,Google Ads,Home Loan,13-03-25,22-08-25,Completed
1435,Up-sized multi-tasking focus group,Branch,Credit Card,27-07-25,22-08-25,Paused
1436,Quality-focused holistic open system,Facebook,Home Loan,06-10-24,22-08-25,Active
1437,Synchronized stable system engine,Branch,Savings Account,16-04-25,22-08-25,Paused
1438,Polarized coherent conglomeration,Website,Insurance,21-02-25,22-08-25,Completed
1439,Devolved next generation product,SMS,Personal Loan,12-01-25,22-08-25,Completed
1440,Managed multi-tasking groupware,Email,Personal Loan,04-03-25,22-08-25,Completed
1441,User-centric eco-centric challenge,Branch,Home Loan,29-09-24,22-08-25,Active
1442,User-centric human-resource architecture,SMS,Home Loan,30-01-25,22-08-25,Active
1443,Cloned clear-thinking emulation,Google Ads,Savings Account,03-07-25,22-08-25,Paused
1444,Object-based intermediate hardware,Branch,Credit Card,31-01-25,22-08-25,Completed
1445,Networked 3rdgeneration application,Google Ads,Personal Loan,08-06-25,22-08-25,Active
1446,Synchronized 5thgeneration Internet solution,Google Ads,Savings Account,13-02-25,22-08-25,Paused
1447,User-friendly stable migration,Branch,Home Loan,05-12-24,22-08-25,Active
1448,Re-engineered holistic matrix,Branch,Insurance,07-07-25,22-08-25,Active
1449,Enterprise-wide impactful productivity,Instagram,Insurance,08-02-25,22-08-25,Completed
1450,Ergonomic responsive project,Google Ads,Insurance,01-04-25,22-08-25,Paused
1451,Seamless web-enabled implementation,Instagram,Personal Loan,02-01-25,22-08-25,Active
1452,Monitored leadingedge workforce,Facebook,Personal Loan,17-10-24,22-08-25,Active
1453,Exclusive needs-based paradigm,Instagram,Credit Card,13-04-25,22-08-25,Paused
1454,Reduced discrete strategy,Instagram,Insurance,21-07-25,22-08-25,Active
1455,Exclusive holistic policy,SMS,Insurance,11-08-25,22-08-25,Active
1456,Inverse needs-based workforce,Instagram,Personal Loan,26-03-25,22-08-25,Active
1457,Polarized systemic secured line,Google Ads,Home Loan,18-04-25,22-08-25,Paused
1458,Phased modular collaboration,Facebook,Credit Card,01-12-24,22-08-25,Paused
1459,Balanced multi-state knowledgebase,Facebook,Credit Card,14-06-25,22-08-25,Active
1460,Adaptive background migration,Email,Personal Loan,14-08-25,22-08-25,Active
1461,Intuitive demand-driven firmware,Branch,Credit Card,06-03-25,22-08-25,Completed
1462,Distributed systemic functionalities,Email,Savings Account,05-10-24,22-08-25,Paused
1463,Open-architected eco-centric open architecture,Website,Credit Card,10-08-25,22-08-25,Active
1464,Self-enabling clear-thinking algorithm,Instagram,Personal Loan,22-03-25,22-08-25,Active
1465,Assimilated human-resource matrices,Email,Personal Loan,31-01-25,22-08-25,Completed
1466,Self-enabling national utilization,Mobile App,Savings Account,14-04-25,22-08-25,Completed
1467,Virtual transitional firmware,Instagram,Savings Account,07-07-25,22-08-25,Completed
1468,Profit-focused explicit alliance,Mobile App,Savings Account,26-05-25,22-08-25,Paused
1469,Re-engineered 6thgeneration model,Website,Savings Account,16-09-24,22-08-25,Completed
1470,Phased fault-tolerant attitude,Mobile App,Home Loan,15-06-25,22-08-25,Completed
1471,Reduced full-range standardization,Website,Savings Account,20-10-24,22-08-25,Active
1472,Inverse bi-directional utilization,Branch,Savings Account,24-08-24,22-08-25,Paused
1473,Secured radical website,Google Ads,Insurance,15-10-24,22-08-25,Paused
1474,Self-enabling static infrastructure,Email,Savings Account,31-01-25,22-08-25,Active
1475,Centralized neutral structure,Branch,Credit Card,02-09-24,22-08-25,Active
1476,Seamless leadingedge strategy,Google Ads,Credit Card,16-01-25,22-08-25,Active
1477,Multi-lateral high-level focus group,SMS,Personal Loan,13-10-24,22-08-25,Paused
1478,Future-proofed directional migration,Google Ads,Insurance,02-11-24,22-08-25,Active
1479,Phased content-based productivity,Instagram,Personal Loan,23-06-25,22-08-25,Paused
1480,Inverse grid-enabled structure,Facebook,Personal Loan,07-10-24,22-08-25,Completed
1481,Up-sized 5thgeneration website,Website,Personal Loan,30-04-25,22-08-25,Completed
1482,Diverse maximized system engine,SMS,Insurance,21-09-24,22-08-25,Completed
1483,Profit-focused responsive matrices,Website,Personal Loan,04-02-25,22-08-25,Paused
1484,Upgradable leadingedge paradigm,Instagram,Personal Loan,02-12-24,22-08-25,Paused
1485,Pre-emptive eco-centric monitoring,Email,Insurance,12-08-25,22-08-25,Active
1486,Mandatory secondary architecture,Website,Credit Card,10-11-24,22-08-25,Active
1487,Versatile value-added workforce,Google Ads,Personal Loan,14-11-24,22-08-25,Completed
1488,Reactive cohesive challenge,Facebook,Credit Card,17-12-24,22-08-25,Paused
1489,Pre-emptive discrete methodology,Website,Home Loan,06-11-24,22-08-25,Completed
1490,Sharable composite protocol,Google Ads,Personal Loan,01-07-25,22-08-25,Active
1491,Streamlined stable info-mediaries,Branch,Credit Card,09-09-24,22-08-25,Completed
1492,Implemented executive instruction set,Mobile App,Credit Card,19-03-25,22-08-25,Completed
1493,Down-sized bifurcated customer loyalty,SMS,Savings Account,11-05-25,22-08-25,Paused
1494,Versatile high-level system engine,Website,Savings Account,01-05-25,22-08-25,Paused
1495,Mandatory disintermediate structure,Facebook,Home Loan,06-05-25,22-08-25,Active
1496,Universal radical forecast,Branch,Personal Loan,30-06-25,22-08-25,Active
1497,Expanded impactful open system,Mobile App,Savings Account,16-05-25,22-08-25,Paused
1498,Cross-platform scalable projection,Email,Insurance,16-09-24,22-08-25,Active
1499,Programmable full-range matrices,Mobile App,Home Loan,19-09-24,22-08-25,Active
1500,Grass-roots foreground challenge,Facebook,Personal Loan,20-06-25,22-08-25,Paused
1501,Secured systemic solution,Website,Savings Account,25-10-24,22-08-25,Paused
1502,Public-key client-server knowledge user,Website,Savings Account,29-12-24,22-08-25,Paused
1503,Switchable background standardization,Website,Insurance,30-06-25,22-08-25,Completed
1504,Team-oriented encompassing algorithm,Mobile App,Home Loan,03-07-25,22-08-25,Completed
1505,Re-contextualized directional emulation,SMS,Insurance,29-10-24,22-08-25,Completed
1506,Visionary full-range hierarchy,Branch,Savings Account,12-09-24,22-08-25,Paused
1507,Robust 24/7 focus group,Google Ads,Savings Account,27-12-24,22-08-25,Active
1508,User-friendly systemic methodology,Branch,Savings Account,26-07-25,22-08-25,Active
1509,Upgradable reciprocal service-desk,SMS,Home Loan,25-05-25,22-08-25,Completed
1510,Enhanced 24/7 moderator,Website,Savings Account,04-01-25,22-08-25,Paused
1511,Synergized executive functionalities,Website,Personal Loan,10-02-25,22-08-25,Completed
1512,Polarized multi-state core,Email,Savings Account,28-09-24,22-08-25,Completed
1513,Horizontal client-server pricing structure,Branch,Insurance,19-03-25,22-08-25,Active
1514,Multi-tiered radical task-force,Instagram,Home Loan,23-02-25,22-08-25,Completed
1515,Enhanced global initiative,Facebook,Credit Card,02-08-25,22-08-25,Completed
1516,Team-oriented impactful help-desk,Branch,Home Loan,16-06-25,22-08-25,Active
1517,User-centric 24hour process improvement,Branch,Insurance,22-06-25,22-08-25,Completed
1518,Enterprise-wide attitude-oriented workforce,Instagram,Insurance,12-03-25,22-08-25,Active
1519,Assimilated background migration,Website,Savings Account,14-05-25,22-08-25,Active
1520,Diverse holistic Local Area Network,Website,Home Loan,27-05-25,22-08-25,Paused
1521,Proactive modular superstructure,Email,Home Loan,02-03-25,22-08-25,Completed
1522,Reverse-engineered zero tolerance policy,Branch,Home Loan,05-11-24,22-08-25,Completed
1523,Self-enabling context-sensitive Graphical User Interface,SMS,Credit Card,15-01-25,22-08-25,Completed
1524,Ergonomic system-worthy methodology,Google Ads,Insurance,18-02-25,22-08-25,Completed
1525,Quality-focused responsive superstructure,SMS,Insurance,28-04-25,22-08-25,Active
1526,Optional uniform product,Facebook,Personal Loan,22-03-25,22-08-25,Active
1527,Streamlined coherent support,Mobile App,Credit Card,20-09-24,22-08-25,Completed
1528,Digitized next generation toolset,Facebook,Home Loan,23-06-25,22-08-25,Completed
1529,Cloned discrete algorithm,Instagram,Personal Loan,20-07-25,22-08-25,Completed
1530,Decentralized interactive task-force,Branch,Personal Loan,05-08-25,22-08-25,Completed
1531,Diverse fault-tolerant Graphic Interface,Instagram,Insurance,28-07-25,22-08-25,Active
1532,Future-proofed non-volatile frame,Mobile App,Savings Account,29-05-25,22-08-25,Paused
1533,Optimized clear-thinking forecast,Email,Savings Account,14-12-24,22-08-25,Paused
1534,Distributed motivating product,Instagram,Home Loan,29-04-25,22-08-25,Paused
1535,Inverse object-oriented service-desk,SMS,Insurance,12-03-25,22-08-25,Completed
1536,Horizontal upward-trending ability,Email,Personal Loan,13-04-25,22-08-25,Active
1537,Multi-layered radical utilization,Instagram,Credit Card,15-04-25,22-08-25,Active
1538,Virtual zero-defect portal,Branch,Insurance,08-01-25,22-08-25,Paused
1539,Persevering neutral info-mediaries,SMS,Personal Loan,20-12-24,22-08-25,Active
1540,Adaptive homogeneous moderator,Mobile App,Credit Card,06-01-25,22-08-25,Completed
1541,Customer-focused grid-enabled leverage,Facebook,Home Loan,14-10-24,22-08-25,Completed
1542,Team-oriented client-driven analyzer,Branch,Personal Loan,29-09-24,22-08-25,Active
1543,Managed dedicated implementation,Email,Home Loan,18-12-24,22-08-25,Completed
1544,User-centric cohesive methodology,Google Ads,Insurance,07-05-25,22-08-25,Active
1545,Synergized secondary customer loyalty,SMS,Savings Account,22-05-25,22-08-25,Paused
1546,Compatible executive infrastructure,SMS,Home Loan,24-02-25,22-08-25,Completed
1547,Programmable next generation ability,Website,Credit Card,09-05-25,22-08-25,Paused
1548,Grass-roots needs-based archive,Branch,Personal Loan,01-12-24,22-08-25,Active
1549,Vision-oriented scalable extranet,Facebook,Savings Account,26-11-24,22-08-25,Completed
1550,Mandatory 6thgeneration portal,Website,Savings Account,11-06-25,22-08-25,Completed
1551,Enhanced zero administration conglomeration,Instagram,Personal Loan,13-10-24,22-08-25,Paused
1552,Front-line methodical contingency,Facebook,Credit Card,01-03-25,22-08-25,Paused
1553,Open-source static service-desk,Facebook,Credit Card,23-01-25,22-08-25,Completed
1554,Multi-lateral multimedia neural-net,Instagram,Personal Loan,15-12-24,22-08-25,Completed
1555,Re-engineered dedicated installation,SMS,Savings Account,19-11-24,22-08-25,Paused
1556,Inverse transitional definition,Email,Insurance,02-10-24,22-08-25,Completed
1557,Function-based 5thgeneration functionalities,Branch,Home Loan,25-02-25,22-08-25,Paused
1558,Business-focused heuristic matrices,Website,Credit Card,04-01-25,22-08-25,Completed
1559,De-engineered 6thgeneration firmware,Facebook,Home Loan,13-10-24,22-08-25,Paused
1560,Business-focused global capacity,Website,Personal Loan,22-08-24,22-08-25,Paused
1561,Profound actuating model,Instagram,Insurance,25-07-25,22-08-25,Paused
1562,Down-sized zero tolerance knowledge user,Google Ads,Insurance,27-03-25,22-08-25,Paused
1563,User-friendly impactful website,Facebook,Credit Card,21-09-24,22-08-25,Paused
1564,Future-proofed bi-directional moratorium,Instagram,Credit Card,24-03-25,22-08-25,Active
1565,De-engineered explicit leverage,Branch,Home Loan,27-11-24,22-08-25,Completed
1566,Exclusive full-range knowledge user,Instagram,Home Loan,24-03-25,22-08-25,Completed
1567,User-friendly bifurcated matrix,Facebook,Insurance,06-01-25,22-08-25,Paused
1568,Customizable 5thgeneration artificial intelligence,Website,Home Loan,21-02-25,22-08-25,Paused
1569,Diverse zero administration encoding,Email,Credit Card,05-10-24,22-08-25,Completed
1570,Open-source cohesive encoding,Email,Personal Loan,25-02-25,22-08-25,Active
1571,Switchable tertiary Graphical User Interface,SMS,Insurance,06-07-25,22-08-25,Completed
1572,Managed uniform toolset,Mobile App,Savings Account,27-12-24,22-08-25,Completed
1573,Right-sized tangible Graphical User Interface,Website,Insurance,30-09-24,22-08-25,Active
1574,Integrated explicit info-mediaries,Google Ads,Credit Card,08-12-24,22-08-25,Paused
1575,Cloned object-oriented support,Facebook,Personal Loan,23-11-24,22-08-25,Active
1576,Programmable bi-directional function,Branch,Insurance,26-12-24,22-08-25,Active
1577,Robust directional methodology,Instagram,Insurance,07-11-24,22-08-25,Active
1578,Decentralized explicit projection,Email,Insurance,19-12-24,22-08-25,Completed
1579,Stand-alone upward-trending emulation,Mobile App,Insurance,04-02-25,22-08-25,Paused
1580,Fundamental homogeneous middleware,Instagram,Personal Loan,29-10-24,22-08-25,Active
1581,Visionary client-driven approach,Branch,Home Loan,03-01-25,22-08-25,Paused
1582,Enterprise-wide client-server open architecture,Google Ads,Savings Account,10-08-25,22-08-25,Completed
1583,Organic human-resource parallelism,Website,Savings Account,26-12-24,22-08-25,Completed
1584,Switchable fault-tolerant knowledgebase,Mobile App,Insurance,01-05-25,22-08-25,Active
1585,Pre-emptive full-range productivity,Email,Personal Loan,12-05-25,22-08-25,Completed
1586,Front-line system-worthy core,Branch,Personal Loan,20-05-25,22-08-25,Paused
1587,Up-sized coherent knowledgebase,Branch,Savings Account,16-12-24,22-08-25,Paused
1588,Multi-channeled actuating solution,Website,Credit Card,27-10-24,22-08-25,Completed
1589,Polarized maximized Graphical User Interface,Branch,Personal Loan,19-08-25,22-08-25,Completed
1590,Digitized system-worthy forecast,Email,Savings Account,05-07-25,22-08-25,Paused
1591,Self-enabling exuding projection,Google Ads,Insurance,29-12-24,22-08-25,Paused
1592,Versatile regional paradigm,Google Ads,Home Loan,18-09-24,22-08-25,Active
1593,Extended client-server artificial intelligence,Instagram,Credit Card,15-10-24,22-08-25,Paused
1594,Re-engineered clear-thinking archive,Branch,Personal Loan,05-10-24,22-08-25,Paused
1595,Quality-focused fault-tolerant application,Email,Personal Loan,18-11-24,22-08-25,Paused
1596,Customizable even-keeled support,Email,Home Loan,25-04-25,22-08-25,Paused
1597,Profit-focused didactic matrices,Facebook,Personal Loan,30-01-25,22-08-25,Active
1598,Robust secondary Graphical User Interface,Google Ads,Home Loan,05-02-25,22-08-25,Completed
1599,Secured eco-centric help-desk,Mobile App,Credit Card,20-11-24,22-08-25,Active
1600,Persevering holistic data-warehouse,Google Ads,Insurance,07-07-25,22-08-25,Completed
1601,Synergistic empowering support,SMS,Credit Card,02-10-24,22-08-25,Active
1602,Down-sized coherent projection,Instagram,Credit Card,03-09-24,22-08-25,Active
1603,Secured impactful moderator,Branch,Credit Card,20-02-25,22-08-25,Paused
1604,Cross-platform background functionalities,SMS,Personal Loan,24-01-25,22-08-25,Active
1605,Inverse empowering forecast,Email,Savings Account,13-05-25,22-08-25,Active
1606,Multi-channeled real-time intranet,Google Ads,Credit Card,08-11-24,22-08-25,Active
1607,Multi-lateral intangible emulation,Branch,Savings Account,10-08-25,22-08-25,Active
1608,Automated cohesive algorithm,SMS,Credit Card,03-10-24,22-08-25,Completed
1609,User-friendly executive info-mediaries,Branch,Insurance,02-05-25,22-08-25,Completed
1610,Customer-focused multi-tasking customer loyalty,Google Ads,Personal Loan,12-04-25,22-08-25,Completed
1611,Vision-oriented modular secured line,SMS,Home Loan,17-01-25,22-08-25,Active
1612,Enterprise-wide exuding definition,Branch,Personal Loan,14-10-24,22-08-25,Completed
1613,Adaptive non-volatile throughput,Mobile App,Credit Card,25-01-25,22-08-25,Active
1614,Adaptive tangible Graphic Interface,Facebook,Credit Card,28-02-25,22-08-25,Paused
1615,Profound even-keeled leverage,Facebook,Personal Loan,29-06-25,22-08-25,Active
1616,Digitized maximized system engine,SMS,Credit Card,12-08-25,22-08-25,Paused
1617,Distributed grid-enabled process improvement,Facebook,Savings Account,02-09-24,22-08-25,Active
1618,Grass-roots hybrid capability,Website,Savings Account,10-06-25,22-08-25,Completed
1619,Customizable empowering solution,SMS,Home Loan,23-12-24,22-08-25,Completed
1620,Secured fresh-thinking function,Branch,Insurance,04-09-24,22-08-25,Completed
1621,Secured zero tolerance success,Website,Credit Card,08-12-24,22-08-25,Completed
1622,Progressive motivating interface,Facebook,Savings Account,29-03-25,22-08-25,Active
1623,Cloned intermediate groupware,Mobile App,Insurance,18-10-24,22-08-25,Active
1624,Phased local application,SMS,Personal Loan,03-07-25,22-08-25,Paused
1625,Intuitive real-time synergy,Email,Insurance,28-11-24,22-08-25,Paused
1626,Cross-group 24/7 capacity,SMS,Home Loan,25-01-25,22-08-25,Paused
1627,Sharable discrete firmware,SMS,Savings Account,30-11-24,22-08-25,Active
1628,Sharable mobile conglomeration,Email,Credit Card,01-05-25,22-08-25,Paused
1629,Right-sized real-time firmware,Branch,Credit Card,16-10-24,22-08-25,Completed
1630,Proactive directional migration,SMS,Savings Account,15-03-25,22-08-25,Completed
1631,Cloned fresh-thinking hierarchy,Mobile App,Credit Card,08-03-25,22-08-25,Paused
1632,Managed demand-driven service-desk,Google Ads,Home Loan,14-05-25,22-08-25,Completed
1633,Progressive analyzing complexity,Branch,Home Loan,15-04-25,22-08-25,Active
1634,Open-source empowering policy,Mobile App,Home Loan,21-11-24,22-08-25,Active
1635,Streamlined grid-enabled matrices,Instagram,Insurance,29-12-24,22-08-25,Active
1636,Compatible discrete middleware,Email,Savings Account,20-10-24,22-08-25,Active
1637,Total 6thgeneration support,Google Ads,Savings Account,07-01-25,22-08-25,Completed
1638,Progressive clear-thinking portal,Website,Home Loan,12-06-25,22-08-25,Active
1639,Multi-lateral stable time-frame,Mobile App,Savings Account,28-12-24,22-08-25,Completed
1640,Ameliorated empowering extranet,SMS,Personal Loan,11-05-25,22-08-25,Paused
1641,Managed solution-oriented orchestration,Website,Credit Card,22-12-24,22-08-25,Completed
1642,Mandatory static project,SMS,Credit Card,16-07-25,22-08-25,Active
1643,Profound systemic framework,Branch,Savings Account,28-03-25,22-08-25,Completed
1644,Organic heuristic parallelism,Website,Savings Account,17-07-25,22-08-25,Paused
1645,Sharable human-resource open system,SMS,Home Loan,22-02-25,22-08-25,Completed
1646,Extended multi-state Graphical User Interface,Google Ads,Home Loan,03-02-25,22-08-25,Paused
1647,Down-sized asynchronous superstructure,Google Ads,Savings Account,28-09-24,22-08-25,Active
1648,Streamlined hybrid function,Mobile App,Credit Card,08-02-25,22-08-25,Completed
1649,Front-line grid-enabled approach,Facebook,Home Loan,16-08-25,22-08-25,Active
1650,Fundamental incremental challenge,Facebook,Insurance,12-10-24,22-08-25,Active
1651,Persistent tangible model,Email,Credit Card,18-04-25,22-08-25,Active
1652,Team-oriented object-oriented circuit,Website,Personal Loan,23-11-24,22-08-25,Active
1653,Cloned full-range system engine,Branch,Home Loan,07-06-25,22-08-25,Paused
1654,Pre-emptive contextually-based help-desk,Instagram,Savings Account,26-11-24,22-08-25,Completed
1655,De-engineered high-level initiative,Facebook,Credit Card,19-08-25,22-08-25,Completed
1656,Upgradable context-sensitive knowledge user,Google Ads,Personal Loan,10-03-25,22-08-25,Active
1657,Inverse transitional orchestration,Google Ads,Personal Loan,27-09-24,22-08-25,Completed
1658,Polarized coherent budgetary management,Website,Home Loan,03-03-25,22-08-25,Active
1659,Reactive leadingedge protocol,SMS,Personal Loan,16-02-25,22-08-25,Active
1660,Versatile bandwidth-monitored focus group,SMS,Savings Account,08-06-25,22-08-25,Completed
1661,Self-enabling tertiary firmware,Facebook,Credit Card,09-10-24,22-08-25,Active
1662,Horizontal value-added structure,Email,Insurance,24-05-25,22-08-25,Active
1663,Virtual intangible analyzer,Facebook,Insurance,09-11-24,22-08-25,Active
1664,Down-sized optimizing structure,Website,Home Loan,25-10-24,22-08-25,Completed
1665,Automated bottom-line data-warehouse,Email,Insurance,01-03-25,22-08-25,Completed
1666,Stand-alone demand-driven pricing structure,Email,Personal Loan,08-11-24,22-08-25,Paused
1667,Centralized context-sensitive parallelism,Facebook,Savings Account,27-02-25,22-08-25,Completed
1668,Inverse high-level collaboration,Website,Credit Card,02-06-25,22-08-25,Active
1669,Streamlined zero tolerance orchestration,SMS,Home Loan,03-02-25,22-08-25,Active
1670,Object-based composite synergy,Facebook,Credit Card,20-01-25,22-08-25,Completed
1671,Advanced client-driven implementation,Branch,Home Loan,21-07-25,22-08-25,Active
1672,Programmable radical customer loyalty,Website,Insurance,09-11-24,22-08-25,Paused
1673,Mandatory eco-centric success,SMS,Insurance,27-01-25,22-08-25,Paused
1674,Integrated human-resource functionalities,Mobile App,Credit Card,03-01-25,22-08-25,Paused
1675,Mandatory disintermediate monitoring,Google Ads,Personal Loan,17-09-24,22-08-25,Active
1676,Persistent full-range software,Website,Personal Loan,27-03-25,22-08-25,Active
1677,Reverse-engineered tangible framework,SMS,Home Loan,05-10-24,22-08-25,Paused
1678,Monitored leadingedge collaboration,SMS,Home Loan,07-11-24,22-08-25,Completed
1679,Open-architected didactic function,Google Ads,Credit Card,29-11-24,22-08-25,Completed
1680,Digitized directional productivity,Facebook,Credit Card,29-01-25,22-08-25,Completed
1681,Grass-roots context-sensitive conglomeration,Website,Home Loan,03-08-25,22-08-25,Completed
1682,Customer-focused bandwidth-monitored model,Email,Personal Loan,23-12-24,22-08-25,Active
1683,Configurable exuding methodology,SMS,Insurance,16-10-24,22-08-25,Active
1684,Up-sized bandwidth-monitored Internet solution,Website,Credit Card,24-10-24,22-08-25,Completed
1685,Synergized motivating migration,Website,Home Loan,26-12-24,22-08-25,Active
1686,Function-based 3rdgeneration interface,Mobile App,Personal Loan,04-08-25,22-08-25,Active
1687,Object-based high-level attitude,Branch,Personal Loan,07-04-25,22-08-25,Completed
1688,Operative optimizing implementation,Website,Savings Account,20-09-24,22-08-25,Paused
1689,Re-contextualized multi-tasking alliance,Google Ads,Home Loan,29-10-24,22-08-25,Completed
1690,Robust web-enabled open system,Mobile App,Savings Account,01-03-25,22-08-25,Active
1691,Adaptive reciprocal customer loyalty,Email,Credit Card,11-01-25,22-08-25,Paused
1692,Devolved explicit conglomeration,SMS,Home Loan,18-04-25,22-08-25,Paused
1693,Compatible dynamic extranet,Instagram,Credit Card,14-01-25,22-08-25,Active
1694,Operative optimizing analyzer,Instagram,Home Loan,16-07-25,22-08-25,Paused
1695,Sharable secondary hub,Branch,Savings Account,27-08-24,22-08-25,Active
1696,Universal background service-desk,Mobile App,Credit Card,06-12-24,22-08-25,Completed
1697,Mandatory systemic encoding,Instagram,Insurance,16-12-24,22-08-25,Paused
1698,Quality-focused zero tolerance customer loyalty,SMS,Personal Loan,24-05-25,22-08-25,Completed
1699,Integrated reciprocal challenge,Instagram,Personal Loan,13-04-25,22-08-25,Active
1700,Cloned secondary strategy,Email,Home Loan,20-01-25,22-08-25,Paused
1701,Face-to-face multimedia frame,Website,Savings Account,04-12-24,22-08-25,Completed
1702,Streamlined tertiary intranet,Mobile App,Savings Account,28-03-25,22-08-25,Completed
1703,Extended non-volatile emulation,Instagram,Credit Card,26-09-24,22-08-25,Completed
1704,Exclusive reciprocal Graphic Interface,Website,Personal Loan,08-02-25,22-08-25,Completed
1705,Re-contextualized systematic architecture,SMS,Credit Card,25-09-24,22-08-25,Paused
1706,Universal optimizing algorithm,Google Ads,Personal Loan,28-11-24,22-08-25,Completed
1707,Front-line solution-oriented capacity,SMS,Insurance,12-03-25,22-08-25,Paused
1708,Progressive context-sensitive Graphical User Interface,Mobile App,Savings Account,11-10-24,22-08-25,Completed
1709,Cross-platform user-facing emulation,SMS,Savings Account,27-01-25,22-08-25,Paused
1710,Extended tertiary open system,Instagram,Savings Account,18-11-24,22-08-25,Completed
1711,Programmable background challenge,Email,Credit Card,13-05-25,22-08-25,Active
1712,Down-sized mobile throughput,Branch,Credit Card,04-05-25,22-08-25,Completed
1713,Monitored 24/7 solution,Instagram,Savings Account,27-11-24,22-08-25,Paused
1714,Re-contextualized dynamic open system,SMS,Savings Account,02-05-25,22-08-25,Completed
1715,Configurable systematic moderator,Instagram,Credit Card,18-02-25,22-08-25,Completed
1716,Visionary disintermediate knowledge user,Website,Savings Account,09-07-25,22-08-25,Paused
1717,Stand-alone content-based solution,Google Ads,Credit Card,30-08-24,22-08-25,Completed
1718,Innovative background throughput,Facebook,Insurance,29-05-25,22-08-25,Active
1719,Organic asynchronous access,Mobile App,Credit Card,15-08-25,22-08-25,Completed
1720,Focused optimizing hardware,Mobile App,Savings Account,21-05-25,22-08-25,Paused
1721,Face-to-face encompassing concept,Facebook,Savings Account,20-12-24,22-08-25,Paused
1722,Down-sized high-level extranet,Mobile App,Credit Card,13-06-25,22-08-25,Paused
1723,Enhanced client-server challenge,Website,Insurance,18-02-25,22-08-25,Active
1724,Right-sized bottom-line contingency,SMS,Credit Card,01-05-25,22-08-25,Paused
1725,Triple-buffered dynamic encoding,Google Ads,Credit Card,16-07-25,22-08-25,Active
1726,Team-oriented content-based moratorium,Branch,Personal Loan,15-01-25,22-08-25,Active
1727,Business-focused directional firmware,Website,Savings Account,09-04-25,22-08-25,Paused
1728,Open-architected needs-based algorithm,Website,Savings Account,13-09-24,22-08-25,Completed
1729,Balanced solution-oriented functionalities,Facebook,Personal Loan,09-08-25,22-08-25,Paused
1730,Right-sized global intranet,Mobile App,Credit Card,12-04-25,22-08-25,Active
1731,Grass-roots radical moderator,Website,Home Loan,06-01-25,22-08-25,Completed
1732,Adaptive responsive array,Facebook,Home Loan,06-06-25,22-08-25,Active
1733,Horizontal modular concept,Branch,Personal Loan,12-09-24,22-08-25,Active
1734,Cross-platform stable application,Email,Home Loan,12-04-25,22-08-25,Paused
1735,Quality-focused holistic secured line,Mobile App,Personal Loan,25-09-24,22-08-25,Active
1736,Organized real-time intranet,Email,Home Loan,04-02-25,22-08-25,Paused
1737,Centralized foreground initiative,Instagram,Savings Account,05-04-25,22-08-25,Completed
1738,Decentralized mission-critical ability,Google Ads,Savings Account,24-12-24,22-08-25,Completed
1739,Assimilated scalable framework,Mobile App,Savings Account,19-11-24,22-08-25,Active
1740,Quality-focused even-keeled productivity,Website,Personal Loan,01-06-25,22-08-25,Completed
1741,Configurable multi-tasking algorithm,Mobile App,Home Loan,11-12-24,22-08-25,Completed
1742,Multi-tiered systemic contingency,Website,Savings Account,30-12-24,22-08-25,Paused
1743,Cross-group homogeneous flexibility,Facebook,Savings Account,01-10-24,22-08-25,Active
1744,Cross-group systematic moratorium,Google Ads,Insurance,22-06-25,22-08-25,Paused
1745,Right-sized modular Internet solution,SMS,Savings Account,27-10-24,22-08-25,Active
1746,Upgradable intangible collaboration,Facebook,Home Loan,01-03-25,22-08-25,Paused
1747,Devolved incremental core,Instagram,Credit Card,14-02-25,22-08-25,Completed
1748,Automated static matrix,Website,Personal Loan,11-01-25,22-08-25,Active
1749,Automated demand-driven time-frame,Mobile App,Home Loan,25-10-24,22-08-25,Active
1750,Adaptive 3rdgeneration middleware,Branch,Credit Card,24-09-24,22-08-25,Completed
1751,Automated 3rdgeneration success,Email,Home Loan,04-09-24,22-08-25,Active
1752,Multi-tiered next generation encryption,Mobile App,Credit Card,02-07-25,22-08-25,Paused
1753,Implemented global database,Instagram,Personal Loan,15-06-25,22-08-25,Paused
1754,Seamless discrete Local Area Network,Mobile App,Insurance,12-08-25,22-08-25,Completed
1755,Profound bi-directional Local Area Network,Google Ads,Home Loan,03-03-25,22-08-25,Paused
1756,Focused needs-based hardware,Facebook,Home Loan,25-08-24,22-08-25,Paused
1757,Reverse-engineered multi-tasking algorithm,Instagram,Savings Account,15-04-25,22-08-25,Active
1758,Enhanced global complexity,Email,Credit Card,13-11-24,22-08-25,Active
1759,Optional contextually-based model,Instagram,Savings Account,30-10-24,22-08-25,Paused
1760,Intuitive value-added challenge,Branch,Savings Account,21-08-25,22-08-25,Active
1761,Down-sized directional knowledge user,Mobile App,Insurance,31-05-25,22-08-25,Active
1762,Persevering demand-driven attitude,Email,Savings Account,29-09-24,22-08-25,Completed
1763,Ameliorated client-server process improvement,Branch,Credit Card,02-09-24,22-08-25,Paused
1764,Multi-tiered empowering functionalities,Mobile App,Savings Account,30-10-24,22-08-25,Completed
1765,Focused methodical matrix,Website,Savings Account,09-12-24,22-08-25,Completed
1766,Robust object-oriented ability,SMS,Savings Account,02-10-24,22-08-25,Completed
1767,Vision-oriented content-based forecast,Website,Savings Account,09-11-24,22-08-25,Active
1768,Implemented holistic groupware,Facebook,Savings Account,25-03-25,22-08-25,Paused
1769,Mandatory interactive access,Mobile App,Home Loan,15-03-25,22-08-25,Completed
1770,Decentralized tangible budgetary management,Branch,Credit Card,15-12-24,22-08-25,Active
1771,Cross-group tertiary protocol,Mobile App,Savings Account,19-06-25,22-08-25,Active
1772,Versatile impactful groupware,Branch,Personal Loan,04-02-25,22-08-25,Completed
1773,Devolved multi-state middleware,Website,Insurance,22-07-25,22-08-25,Completed
1774,Profound object-oriented info-mediaries,Google Ads,Insurance,30-11-24,22-08-25,Paused
1775,Multi-channeled incremental analyzer,Email,Home Loan,08-08-25,22-08-25,Paused
1776,Devolved methodical orchestration,Facebook,Insurance,23-03-25,22-08-25,Active
1777,Versatile high-level definition,SMS,Personal Loan,07-03-25,22-08-25,Paused
1778,Compatible context-sensitive Graphic Interface,SMS,Savings Account,15-05-25,22-08-25,Active
1779,Switchable multi-tasking paradigm,Instagram,Personal Loan,01-07-25,22-08-25,Active
1780,Front-line mission-critical framework,Email,Personal Loan,01-01-25,22-08-25,Paused
1781,Monitored next generation installation,Facebook,Credit Card,15-05-25,22-08-25,Active
1782,Reverse-engineered zero administration encryption,Google Ads,Credit Card,21-01-25,22-08-25,Paused
1783,Progressive fresh-thinking project,Google Ads,Insurance,22-01-25,22-08-25,Paused
1784,Optimized uniform pricing structure,Facebook,Insurance,13-12-24,22-08-25,Active
1785,Down-sized explicit superstructure,SMS,Personal Loan,20-03-25,22-08-25,Completed
1786,Ergonomic optimizing core,Instagram,Savings Account,16-01-25,22-08-25,Active
1787,Proactive needs-based parallelism,Mobile App,Personal Loan,23-02-25,22-08-25,Active
1788,Synchronized stable extranet,Email,Insurance,25-08-24,22-08-25,Completed
1789,Seamless bifurcated Internet solution,Branch,Home Loan,14-03-25,22-08-25,Paused
1790,Synergized bi-directional leverage,Mobile App,Insurance,14-04-25,22-08-25,Completed
1791,Multi-lateral contextually-based capability,Mobile App,Credit Card,28-04-25,22-08-25,Completed
1792,Front-line discrete support,Facebook,Insurance,28-12-24,22-08-25,Active
1793,Fully-configurable even-keeled Local Area Network,Facebook,Savings Account,13-06-25,22-08-25,Active
1794,Intuitive reciprocal implementation,Mobile App,Insurance,26-05-25,22-08-25,Completed
1795,Profit-focused bandwidth-monitored portal,SMS,Personal Loan,12-02-25,22-08-25,Paused
1796,Vision-oriented zero-defect forecast,Website,Savings Account,24-05-25,22-08-25,Paused
1797,Digitized high-level help-desk,Mobile App,Personal Loan,29-04-25,22-08-25,Completed
1798,User-centric value-added benchmark,Facebook,Insurance,08-12-24,22-08-25,Active
1799,Team-oriented maximized extranet,Facebook,Insurance,11-12-24,22-08-25,Active
1800,User-friendly didactic approach,Website,Personal Loan,16-07-25,22-08-25,Completed
1801,Streamlined leadingedge task-force,Branch,Insurance,03-07-25,22-08-25,Active
1802,Advanced non-volatile hardware,Website,Credit Card,29-10-24,22-08-25,Paused
1803,Mandatory optimizing software,SMS,Personal Loan,02-02-25,22-08-25,Active
1804,Ergonomic fresh-thinking Graphic Interface,SMS,Personal Loan,23-12-24,22-08-25,Completed
1805,User-friendly discrete attitude,Branch,Home Loan,24-03-25,22-08-25,Paused
1806,Enhanced national intranet,Google Ads,Home Loan,29-01-25,22-08-25,Completed
1807,Multi-layered user-facing collaboration,Branch,Credit Card,15-04-25,22-08-25,Paused
1808,Future-proofed bi-directional standardization,SMS,Personal Loan,22-11-24,22-08-25,Paused
1809,Visionary 24hour framework,Facebook,Insurance,22-05-25,22-08-25,Completed
1810,Public-key 24hour website,Branch,Personal Loan,22-08-24,22-08-25,Paused
1811,Managed grid-enabled customer loyalty,Email,Insurance,27-10-24,22-08-25,Completed
1812,Team-oriented dynamic solution,Email,Personal Loan,16-01-25,22-08-25,Completed
1813,Down-sized regional concept,Branch,Home Loan,13-05-25,22-08-25,Active
1814,Down-sized 24/7 infrastructure,Email,Personal Loan,13-03-25,22-08-25,Completed
1815,Public-key disintermediate info-mediaries,Google Ads,Savings Account,24-04-25,22-08-25,Active
1816,Automated disintermediate hub,Facebook,Savings Account,08-10-24,22-08-25,Active
1817,Profit-focused next generation benchmark,Mobile App,Personal Loan,01-01-25,22-08-25,Completed
1818,Realigned responsive circuit,Email,Savings Account,21-07-25,22-08-25,Completed
1819,Assimilated client-driven groupware,Mobile App,Insurance,16-11-24,22-08-25,Completed
1820,Configurable high-level methodology,Branch,Personal Loan,10-02-25,22-08-25,Completed
1821,Robust didactic approach,SMS,Credit Card,23-01-25,22-08-25,Paused
1822,Centralized attitude-oriented interface,Website,Personal Loan,25-01-25,22-08-25,Active
1823,Upgradable leadingedge flexibility,Instagram,Insurance,08-02-25,22-08-25,Paused
1824,Versatile motivating core,Email,Credit Card,05-08-25,22-08-25,Paused
1825,Monitored needs-based policy,Facebook,Credit Card,25-11-24,22-08-25,Completed
1826,Operative solution-oriented middleware,Facebook,Home Loan,24-08-24,22-08-25,Active
1827,Multi-channeled scalable algorithm,Branch,Personal Loan,09-07-25,22-08-25,Active
1828,Function-based empowering access,Branch,Credit Card,08-06-25,22-08-25,Completed
1829,Up-sized next generation groupware,Google Ads,Savings Account,20-08-25,22-08-25,Paused
1830,Balanced heuristic conglomeration,Facebook,Insurance,13-06-25,22-08-25,Completed
1831,Multi-tiered non-volatile collaboration,Google Ads,Savings Account,26-06-25,22-08-25,Active
1832,Synchronized context-sensitive hub,Google Ads,Personal Loan,17-10-24,22-08-25,Active
1833,Persevering needs-based conglomeration,Branch,Personal Loan,28-02-25,22-08-25,Active
1834,Re-engineered web-enabled toolset,Mobile App,Personal Loan,02-01-25,22-08-25,Active
1835,Reverse-engineered modular open system,Website,Insurance,12-04-25,22-08-25,Completed
1836,Open-source static open architecture,Email,Home Loan,12-02-25,22-08-25,Completed
1837,Robust methodical model,Google Ads,Insurance,17-09-24,22-08-25,Active
1838,Proactive user-facing alliance,Google Ads,Insurance,31-03-25,22-08-25,Active
1839,Optimized local algorithm,Facebook,Personal Loan,23-10-24,22-08-25,Completed
1840,Decentralized intangible knowledge user,Website,Home Loan,11-02-25,22-08-25,Paused
1841,Decentralized bifurcated budgetary management,Email,Personal Loan,11-06-25,22-08-25,Completed
1842,Sharable web-enabled time-frame,Website,Insurance,08-03-25,22-08-25,Active
1843,Ergonomic upward-trending moderator,Branch,Insurance,31-12-24,22-08-25,Active
1844,Distributed leadingedge initiative,Website,Personal Loan,15-09-24,22-08-25,Active
1845,Customizable well-modulated hierarchy,Website,Credit Card,07-07-25,22-08-25,Active
1846,Innovative methodical moratorium,Website,Personal Loan,30-06-25,22-08-25,Paused
1847,Ergonomic bottom-line model,Branch,Savings Account,21-01-25,22-08-25,Paused
1848,Configurable intangible structure,SMS,Personal Loan,31-10-24,22-08-25,Paused
1849,Devolved maximized system engine,Facebook,Savings Account,02-11-24,22-08-25,Paused
1850,Horizontal attitude-oriented concept,Facebook,Savings Account,06-05-25,22-08-25,Active
1851,De-engineered foreground Internet solution,Branch,Credit Card,24-03-25,22-08-25,Active
1852,Cross-platform intangible capability,Google Ads,Home Loan,23-03-25,22-08-25,Completed
1853,Business-focused directional matrix,Instagram,Credit Card,02-02-25,22-08-25,Paused
1854,Open-source radical array,Google Ads,Home Loan,27-01-25,22-08-25,Paused
1855,Balanced encompassing data-warehouse,Google Ads,Insurance,02-06-25,22-08-25,Active
1856,Business-focused optimizing frame,Branch,Home Loan,11-12-24,22-08-25,Paused
1857,Vision-oriented scalable middleware,Facebook,Personal Loan,05-01-25,22-08-25,Completed
1858,Phased client-driven Graphical User Interface,Branch,Savings Account,01-01-25,22-08-25,Active
1859,Profit-focused secondary strategy,Facebook,Personal Loan,02-10-24,22-08-25,Active
1860,Up-sized analyzing Graphic Interface,Mobile App,Insurance,24-04-25,22-08-25,Active
1861,Open-architected 6thgeneration strategy,Website,Insurance,19-04-25,22-08-25,Paused
1862,Compatible contextually-based hierarchy,Email,Insurance,12-04-25,22-08-25,Paused
1863,Configurable client-server forecast,Facebook,Savings Account,23-08-24,22-08-25,Completed
1864,Assimilated incremental project,Google Ads,Home Loan,14-07-25,22-08-25,Active
1865,Configurable leadingedge info-mediaries,Facebook,Credit Card,03-05-25,22-08-25,Active
1866,Function-based fault-tolerant approach,Google Ads,Home Loan,29-03-25,22-08-25,Active
1867,Synchronized secondary contingency,Email,Home Loan,14-10-24,22-08-25,Completed
1868,Ameliorated discrete adapter,Facebook,Personal Loan,05-01-25,22-08-25,Completed
1869,Object-based 6thgeneration paradigm,Facebook,Credit Card,01-04-25,22-08-25,Completed
1870,Implemented incremental orchestration,Branch,Credit Card,22-08-24,22-08-25,Completed
1871,Digitized 3rdgeneration frame,SMS,Personal Loan,20-02-25,22-08-25,Active
1872,Triple-buffered human-resource emulation,Instagram,Savings Account,26-05-25,22-08-25,Active
1873,Balanced optimal capacity,Email,Home Loan,27-12-24,22-08-25,Completed
1874,Reduced radical infrastructure,Email,Savings Account,08-02-25,22-08-25,Active
1875,Programmable intangible database,Instagram,Personal Loan,05-01-25,22-08-25,Active
1876,Inverse interactive matrix,Mobile App,Home Loan,19-05-25,22-08-25,Active
1877,Operative modular analyzer,Branch,Savings Account,19-02-25,22-08-25,Paused
1878,Networked well-modulated intranet,Instagram,Personal Loan,19-11-24,22-08-25,Active
1879,Persevering 24/7 encoding,Mobile App,Credit Card,11-03-25,22-08-25,Paused
1880,Advanced reciprocal infrastructure,SMS,Insurance,08-07-25,22-08-25,Paused
1881,Team-oriented upward-trending throughput,Instagram,Credit Card,13-02-25,22-08-25,Completed
1882,User-centric disintermediate forecast,Instagram,Insurance,30-10-24,22-08-25,Completed
1883,Stand-alone full-range synergy,Mobile App,Insurance,11-06-25,22-08-25,Active
1884,Managed upward-trending collaboration,Facebook,Home Loan,12-02-25,22-08-25,Completed
1885,Polarized composite policy,Mobile App,Home Loan,26-04-25,22-08-25,Completed
1886,Configurable zero administration Internet solution,Mobile App,Credit Card,30-07-25,22-08-25,Paused
1887,Realigned fault-tolerant challenge,Mobile App,Personal Loan,02-01-25,22-08-25,Paused
1888,Multi-channeled exuding core,SMS,Credit Card,27-09-24,22-08-25,Paused
1889,Centralized intermediate leverage,SMS,Home Loan,28-04-25,22-08-25,Completed
1890,Public-key even-keeled hardware,Website,Insurance,08-07-25,22-08-25,Active
1891,Persevering tertiary projection,Website,Insurance,19-11-24,22-08-25,Active
1892,Fundamental mobile interface,Branch,Personal Loan,14-08-25,22-08-25,Completed
1893,Adaptive asymmetric system engine,Email,Insurance,06-10-24,22-08-25,Paused
1894,Adaptive interactive knowledge user,Branch,Credit Card,09-04-25,22-08-25,Completed
1895,Multi-lateral national access,Facebook,Insurance,14-02-25,22-08-25,Completed
1896,Innovative clear-thinking time-frame,Mobile App,Personal Loan,13-08-25,22-08-25,Active
1897,Compatible system-worthy capacity,SMS,Personal Loan,16-03-25,22-08-25,Completed
1898,Persevering clear-thinking attitude,Branch,Credit Card,25-04-25,22-08-25,Completed
1899,Configurable 24hour Graphical User Interface,Facebook,Insurance,22-04-25,22-08-25,Active
1900,Re-engineered neutral encoding,Google Ads,Home Loan,10-11-24,22-08-25,Paused
1901,User-friendly even-keeled encryption,Instagram,Savings Account,10-12-24,22-08-25,Completed
1902,Business-focused hybrid time-frame,Google Ads,Home Loan,20-12-24,22-08-25,Active
1903,Extended scalable structure,Google Ads,Savings Account,23-04-25,22-08-25,Paused
1904,Right-sized asynchronous capacity,Email,Credit Card,28-10-24,22-08-25,Active
1905,Assimilated user-facing open system,Website,Personal Loan,13-10-24,22-08-25,Completed
1906,Cross-group hybrid extranet,Mobile App,Savings Account,08-04-25,22-08-25,Paused
1907,Customer-focused 24hour project,Facebook,Home Loan,17-08-25,22-08-25,Active
1908,Total neutral projection,Website,Savings Account,06-06-25,22-08-25,Paused
1909,Business-focused object-oriented complexity,SMS,Home Loan,12-11-24,22-08-25,Completed
1910,Seamless 24hour capacity,Instagram,Credit Card,25-04-25,22-08-25,Completed
1911,Universal human-resource focus group,Email,Personal Loan,05-05-25,22-08-25,Paused
1912,Innovative client-server function,Email,Insurance,19-11-24,22-08-25,Paused
1913,Switchable contextually-based open system,Google Ads,Credit Card,09-03-25,22-08-25,Active
1914,Customizable multi-tasking attitude,Mobile App,Credit Card,22-09-24,22-08-25,Completed
1915,Universal bandwidth-monitored pricing structure,Branch,Credit Card,17-07-25,22-08-25,Active
1916,Right-sized asymmetric open system,Google Ads,Savings Account,03-12-24,22-08-25,Paused
1917,Expanded logistical hardware,Branch,Home Loan,15-06-25,22-08-25,Completed
1918,Managed dynamic productivity,SMS,Savings Account,09-06-25,22-08-25,Completed
1919,Sharable asynchronous emulation,Branch,Savings Account,29-06-25,22-08-25,Active
1920,Monitored context-sensitive capacity,Facebook,Credit Card,04-04-25,22-08-25,Completed
1921,Face-to-face holistic function,Website,Home Loan,21-01-25,22-08-25,Completed
1922,Cross-group national infrastructure,Facebook,Home Loan,24-06-25,22-08-25,Completed
1923,Phased local installation,Facebook,Credit Card,17-09-24,22-08-25,Active
1924,Networked high-level attitude,Instagram,Home Loan,13-09-24,22-08-25,Active
1925,Centralized radical conglomeration,Mobile App,Savings Account,06-09-24,22-08-25,Completed
1926,Enhanced bi-directional knowledge user,Branch,Personal Loan,20-09-24,22-08-25,Active
1927,Expanded asynchronous framework,Email,Savings Account,02-09-24,22-08-25,Active
1928,Centralized bandwidth-monitored monitoring,Instagram,Personal Loan,03-05-25,22-08-25,Completed
1929,Integrated client-driven secured line,Google Ads,Home Loan,31-12-24,22-08-25,Completed
1930,Reduced intermediate solution,Google Ads,Credit Card,09-04-25,22-08-25,Completed
1931,Intuitive system-worthy parallelism,Branch,Personal Loan,17-12-24,22-08-25,Paused
1932,Intuitive demand-driven toolset,Facebook,Credit Card,25-12-24,22-08-25,Active
1933,Enterprise-wide radical intranet,Website,Savings Account,07-11-24,22-08-25,Completed
1934,Persevering eco-centric function,SMS,Home Loan,12-10-24,22-08-25,Paused
1935,Ergonomic high-level website,Google Ads,Credit Card,07-04-25,22-08-25,Completed
1936,Secured hybrid toolset,Email,Credit Card,13-11-24,22-08-25,Completed
1937,Reverse-engineered stable matrix,Facebook,Credit Card,27-02-25,22-08-25,Active
1938,Centralized logistical productivity,Branch,Credit Card,02-11-24,22-08-25,Completed
1939,Exclusive transitional protocol,Instagram,Savings Account,06-06-25,22-08-25,Paused
1940,Secured tangible knowledge user,Instagram,Savings Account,01-08-25,22-08-25,Active
1941,Triple-buffered attitude-oriented customer loyalty,Website,Personal Loan,04-05-25,22-08-25,Active
1942,Centralized uniform solution,Website,Insurance,28-12-24,22-08-25,Active
1943,Up-sized uniform Internet solution,Google Ads,Home Loan,17-05-25,22-08-25,Completed
1944,Re-contextualized didactic framework,Mobile App,Insurance,07-04-25,22-08-25,Completed
1945,Multi-tiered mobile leverage,Branch,Personal Loan,29-09-24,22-08-25,Active
1946,Centralized bandwidth-monitored database,SMS,Credit Card,21-10-24,22-08-25,Completed
1947,Triple-buffered local superstructure,Mobile App,Savings Account,30-07-25,22-08-25,Completed
1948,Exclusive human-resource moratorium,Website,Home Loan,03-02-25,22-08-25,Paused
1949,Customer-focused maximized task-force,Facebook,Savings Account,22-12-24,22-08-25,Completed
1950,Object-based system-worthy solution,Branch,Personal Loan,14-08-25,22-08-25,Active
1951,De-engineered encompassing policy,Branch,Home Loan,29-09-24,22-08-25,Active
1952,User-friendly radical neural-net,Google Ads,Savings Account,25-02-25,22-08-25,Active
1953,Open-source heuristic hierarchy,Google Ads,Home Loan,21-06-25,22-08-25,Paused
1954,Cross-platform mission-critical structure,Facebook,Insurance,25-02-25,22-08-25,Active
1955,Quality-focused cohesive array,Branch,Personal Loan,27-06-25,22-08-25,Completed
1956,Innovative client-driven help-desk,SMS,Insurance,09-03-25,22-08-25,Paused
1957,Cross-platform mobile focus group,SMS,Savings Account,08-02-25,22-08-25,Active
1958,Operative disintermediate encoding,SMS,Credit Card,05-12-24,22-08-25,Completed
1959,Sharable global capability,Google Ads,Savings Account,22-04-25,22-08-25,Paused
1960,Profit-focused intermediate hierarchy,Instagram,Credit Card,27-04-25,22-08-25,Completed
1961,Up-sized mission-critical contingency,Instagram,Credit Card,05-11-24,22-08-25,Completed
1962,Team-oriented dynamic support,Branch,Home Loan,20-06-25,22-08-25,Completed
1963,Operative static infrastructure,Instagram,Credit Card,24-03-25,22-08-25,Completed
1964,Organic didactic superstructure,SMS,Savings Account,27-07-25,22-08-25,Completed
1965,Exclusive cohesive extranet,Email,Credit Card,22-08-24,22-08-25,Active
1966,Advanced discrete projection,Website,Insurance,24-04-25,22-08-25,Completed
1967,Configurable content-based task-force,Website,Home Loan,03-05-25,22-08-25,Active
1968,User-friendly bifurcated initiative,SMS,Savings Account,12-11-24,22-08-25,Completed
1969,Reverse-engineered eco-centric focus group,Mobile App,Personal Loan,01-10-24,22-08-25,Completed
1970,Vision-oriented local extranet,Mobile App,Insurance,19-03-25,22-08-25,Completed
1971,Balanced clear-thinking ability,Mobile App,Savings Account,23-12-24,22-08-25,Paused
1972,Down-sized scalable open system,Facebook,Insurance,08-02-25,22-08-25,Active
1973,Phased empowering infrastructure,SMS,Home Loan,20-05-25,22-08-25,Paused
1974,Devolved 24hour open architecture,Facebook,Insurance,12-12-24,22-08-25,Active
1975,Programmable real-time matrix,SMS,Insurance,15-03-25,22-08-25,Active
1976,Virtual systemic forecast,SMS,Personal Loan,10-07-25,22-08-25,Active
1977,Sharable logistical conglomeration,Website,Home Loan,09-01-25,22-08-25,Active
1978,Intuitive actuating hub,Facebook,Personal Loan,28-05-25,22-08-25,Paused
1979,Distributed regional time-frame,Email,Savings Account,27-10-24,22-08-25,Active
1980,Organized contextually-based focus group,Email,Home Loan,18-01-25,22-08-25,Completed
1981,Face-to-face eco-centric hub,Mobile App,Savings Account,11-10-24,22-08-25,Active
1982,Decentralized coherent throughput,Branch,Credit Card,08-08-25,22-08-25,Active
1983,Implemented fault-tolerant workforce,Branch,Personal Loan,03-03-25,22-08-25,Paused
1984,Polarized zero administration approach,Instagram,Home Loan,04-05-25,22-08-25,Completed
1985,Diverse demand-driven middleware,Instagram,Credit Card,12-10-24,22-08-25,Active
1986,Programmable asynchronous knowledgebase,Google Ads,Savings Account,23-01-25,22-08-25,Active
1987,Phased secondary Internet solution,Website,Insurance,25-10-24,22-08-25,Active
1988,User-centric global capability,Google Ads,Credit Card,23-03-25,22-08-25,Completed
1989,Upgradable disintermediate array,Facebook,Personal Loan,06-09-24,22-08-25,Completed
1990,Programmable 6thgeneration service-desk,Website,Savings Account,05-08-25,22-08-25,Completed
1991,Object-based asynchronous customer loyalty,SMS,Insurance,24-10-24,22-08-25,Completed
1992,Distributed logistical workforce,Google Ads,Home Loan,17-01-25,22-08-25,Paused
1993,Multi-lateral analyzing productivity,Google Ads,Insurance,01-01-25,22-08-25,Active
1994,Up-sized dynamic encoding,Google Ads,Insurance,07-03-25,22-08-25,Paused
1995,Face-to-face analyzing extranet,Instagram,Home Loan,17-06-25,22-08-25,Completed
1996,Organized global archive,Instagram,Personal Loan,01-02-25,22-08-25,Active
1997,Adaptive leadingedge flexibility,Facebook,Credit Card,09-06-25,22-08-25,Paused
1998,Programmable stable Local Area Network,Mobile App,Savings Account,31-12-24,22-08-25,Active
1999,Persistent multi-state definition,Branch,Home Loan,04-05-25,22-08-25,Paused
2000,Extended composite matrices,Facebook,Home Loan,15-12-24,22-08-25,Paused
